ID,Math,Science,English,Grade
1,78,87,68,B
2,91,54,75,B
3,68,47,52,C
4,54,53,71,B
5,82,62,46,B
6,47,99,98,A
7,100,96,90,A
8,60,79,61,B
9,78,60,67,B
10,97,55,41,B
11,58,84,81,B
12,62,57,84,B
13,50,86,96,B
14,50,92,92,B
15,63,63,45,C
16,92,65,67,B
17,75,64,67,B
18,79,99,83,A
19,63,99,83,A
20,42,99,59,B
21,61,84,69,B
22,92,80,50,B
23,41,68,97,B
24,63,54,94,B
25,83,84,67,B
26,69,40,64,C
27,77,64,78,B
28,41,46,72,C
29,99,48,40,B
30,60,63,96,B
31,72,40,66,B
32,51,83,96,B
33,97,47,91,B
34,61,63,52,C
35,100,50,80,B
36,83,90,42,B
37,64,56,78,B
38,88,47,45,B
39,66,74,47,B
40,98,74,66,A
41,81,72,48,B
42,67,98,76,A
43,99,44,72,B
44,55,81,90,B
45,54,78,81,B
46,86,97,83,A
47,90,80,63,B
48,83,67,54,B
49,94,46,98,A
50,91,48,93,B
51,96,47,71,B
52,42,51,71,C
53,76,73,63,B
54,90,72,80,A
55,46,87,91,B
56,60,94,88,A
57,48,62,88,B
58,78,63,97,A
59,57,76,91,B
60,43,74,51,C
61,64,83,78,B
62,99,79,41,B
63,53,61,42,C
64,89,66,88,A
65,97,74,76,A
66,48,40,88,C
67,65,74,95,B
68,92,76,56,B
69,41,86,98,B
70,59,53,88,B
71,67,42,41,C
72,86,40,41,C
73,99,44,67,B
74,46,65,93,B
75,83,94,62,A
76,100,53,76,B
77,47,78,71,B
78,86,66,72,B
79,74,48,40,C
80,53,54,58,C
81,56,54,41,C
82,75,65,92,B
83,89,81,83,A
84,79,99,65,A
85,43,52,71,C
86,41,90,45,C
87,45,71,71,B
88,93,78,94,A
89,81,88,43,B
90,43,91,94,B
91,93,100,50,A
92,68,71,95,B
93,57,43,98,B
94,65,69,56,B
95,83,76,77,B
96,73,62,63,B
97,49,78,44,C
98,75,84,91,A
99,53,54,73,B
100,70,82,45,B
