age,sex,bmi,children,smoker,region,charges
22,female,30.926,3,no,northwest,14687.46
54,male,17.885,2,no,southeast,18265.13
48,female,34.347,1,no,northwest,29390.49
38,male,35.199,0,no,southwest,5841.57
38,male,29.068,2,no,northeast,14326.19
58,female,15.9,2,yes,southwest,41911.93
22,male,24.522,1,no,northwest,6907.19
50,female,38.121,3,no,northeast,24057.49
27,female,15.9,0,no,southwest,8799.66
22,female,28.48,0,no,southwest,9258.81
42,female,23.402,1,no,northeast,17612.77
63,female,35.508,4,no,southwest,29944.31
52,male,26.482,0,no,southwest,18295.86
53,male,33.064,0,no,southeast,20151.74
51,male,34.049,0,no,northeast,21950.23
54,female,41.801,3,no,northwest,26740.87
42,male,29.362,0,no,southeast,10278.02
24,male,32.894,1,no,northeast,17852.01
57,male,21.541,5,no,southeast,19799.02
39,male,37.862,0,no,southeast,25811.37
41,male,25.961,1,no,southeast,19866.87
35,male,27.179,1,no,southeast,21314.37
26,male,30.464,2,no,southeast,10723.6
61,male,21.066,0,no,northwest,18640.54
54,male,31.995,0,no,southwest,16107.29
48,male,36.502,0,yes,northwest,62352.3
36,female,32.387,2,no,southwest,23742.18
56,male,20.908,2,yes,southeast,50113.35
43,male,29.845,0,no,southwest,12962.25
38,male,35.126,0,no,northwest,16909.33
39,female,19.144,3,no,northwest,15054.64
28,female,24.044,0,no,southeast,15349.75
22,female,35.947,0,yes,southwest,50263.36
44,male,32.248,1,no,southwest,12448.34
59,male,33.113,0,no,northeast,26670.61
20,male,41.943,0,no,southeast,7770.52
58,female,33.458,1,yes,northeast,63770.0
56,female,34.613,0,yes,southeast,63770.0
31,female,47.136,1,no,southwest,23065.38
47,female,29.296,2,no,northwest,19709.95
25,female,25.733,1,no,southeast,11325.98
53,female,33.21,0,yes,southwest,63770.0
50,female,33.278,2,no,northeast,24425.17
34,male,27.387,0,no,southwest,12066.14
21,male,24.302,2,no,southeast,12109.41
63,female,44.69,0,no,southeast,30351.96
38,male,32.594,2,no,southeast,26828.09
59,male,26.133,0,no,northeast,25702.35
49,female,36.187,0,no,southwest,27247.22
54,male,29.934,1,no,northeast,19850.49
53,female,29.057,0,no,northwest,18509.99
27,female,34.03,0,yes,northeast,58890.69
35,male,22.72,2,yes,northeast,38611.52
39,female,32.751,2,yes,northeast,59071.72
41,female,42.269,0,no,northwest,27805.47
20,female,33.444,3,no,southeast,19151.6
43,male,28.305,2,yes,southeast,41105.1
25,female,27.507,3,no,northwest,17405.01
52,female,28.097,2,no,southeast,22255.06
50,female,29.051,2,no,northwest,24286.06
61,male,28.295,1,no,southwest,16727.97
53,male,36.189,1,no,northeast,23746.9
35,female,20.027,3,no,southwest,13987.74
63,male,35.858,0,no,northeast,29219.53
37,male,28.284,0,no,southwest,13225.75
33,male,32.899,0,no,southwest,5286.98
60,male,23.725,3,no,northeast,18201.6
35,male,38.705,1,no,northeast,20277.93
21,male,38.198,2,yes,northwest,60312.82
40,female,36.454,2,no,northeast,29166.69
55,male,21.36,5,no,southeast,23871.16
26,male,35.658,0,no,northeast,17094.03
39,male,33.07,2,no,southeast,19367.34
24,female,20.808,3,no,northwest,17015.47
50,male,30.452,0,no,southeast,17893.66
40,female,32.824,2,no,southwest,18660.64
33,female,33.992,0,no,northwest,12395.7
28,female,31.681,1,no,northwest,22099.81
44,female,32.377,1,no,southwest,21470.66
49,male,39.589,0,no,northeast,20820.52
62,female,38.079,0,no,northwest,25671.02
38,male,15.9,0,no,southwest,14520.43
25,female,28.664,0,no,northwest,12330.88
57,female,29.596,1,no,southwest,19761.56
47,female,19.912,0,no,southwest,12946.73
50,female,31.175,0,no,northwest,22313.08
22,male,38.217,2,no,southwest,14780.37
32,female,23.972,2,no,southwest,12248.85
54,female,32.652,1,yes,northwest,60282.88
57,female,25.013,3,no,southwest,21963.67
38,male,26.501,0,no,northeast,16009.82
55,female,39.612,2,no,northeast,25084.54
57,male,27.29,0,no,southwest,21820.17
36,male,33.419,2,no,northwest,22214.28
60,male,19.186,4,no,southwest,24108.42
31,female,41.96,2,no,northwest,22854.08
29,male,34.276,1,no,southwest,15348.06
50,male,29.487,1,no,northeast,18859.22
47,male,34.111,0,yes,southwest,59379.01
24,female,22.0,2,no,northwest,9290.8
57,male,37.813,2,no,southwest,25446.72
27,female,28.624,5,no,southwest,12427.63
55,female,29.355,1,no,southeast,22399.41
18,female,27.601,0,no,northwest,6943.77
55,female,27.058,1,no,northeast,14434.68
54,male,34.837,0,yes,southwest,63770.0
54,male,32.161,0,no,southwest,19618.26
49,male,34.576,0,no,southeast,17883.43
40,female,30.546,2,no,southeast,14017.87
51,female,33.731,0,yes,northeast,63770.0
31,female,28.045,0,no,northeast,21701.93
54,male,44.201,0,no,northeast,25012.5
44,male,21.036,3,no,southwest,15951.84
39,male,38.292,2,no,southeast,26058.7
41,male,38.944,0,no,northwest,12864.51
44,male,25.402,0,no,southeast,26173.57
19,female,44.199,1,no,northwest,28504.12
24,male,36.672,0,no,southwest,3263.24
29,female,36.524,1,yes,southeast,60634.16
23,male,30.771,1,no,northeast,11579.17
38,male,29.275,3,yes,southeast,40789.28
49,female,29.323,0,no,northeast,18733.86
48,female,32.982,2,no,southeast,25476.98
40,male,39.147,0,no,southwest,19911.95
58,male,31.706,3,no,southeast,20383.9
44,male,25.04,4,no,southwest,17948.37
21,female,35.629,2,no,southeast,17994.1
53,male,36.219,1,no,southwest,17985.52
45,female,34.593,0,no,northwest,13207.64
47,male,35.148,2,yes,northeast,63770.0
44,female,28.947,2,no,southeast,16561.59
44,male,24.933,0,no,southwest,16149.8
22,female,25.304,1,no,southeast,10260.24
44,female,20.624,1,no,northeast,19392.31
55,male,32.045,2,no,northwest,31312.4
32,male,30.091,2,no,southwest,18919.73
46,female,27.916,1,no,northwest,12319.64
19,male,15.9,1,no,southeast,1938.44
34,male,22.991,0,no,southeast,12131.69
38,male,37.437,0,no,southwest,18127.16
64,male,26.546,0,no,northeast,15851.4
28,male,32.8,2,no,southwest,19851.03
30,male,22.117,1,no,southwest,7790.17
37,male,39.376,1,no,southwest,26913.94
64,male,29.721,0,yes,northwest,55640.78
58,male,32.369,0,no,southeast,22144.63
19,male,44.787,1,no,southeast,19675.09
28,female,39.85,0,no,southeast,12386.74
56,male,28.73,0,no,northwest,24347.44
20,male,26.981,2,yes,southeast,33821.86
58,male,28.614,0,yes,northeast,41330.06
31,female,33.71,0,yes,southeast,58882.29
61,male,29.958,1,no,southwest,21230.27
31,male,28.189,2,yes,northeast,38559.15
38,male,39.55,0,no,northeast,25405.06
49,male,29.903,2,no,southeast,17534.11
23,male,44.627,3,no,northeast,28154.51
44,male,31.154,1,no,northwest,13738.05
41,female,41.49,1,no,southeast,29601.14
54,female,32.78,2,yes,northeast,62943.1
64,male,36.474,1,no,northeast,27351.86
49,female,26.18,0,yes,southeast,40173.52
37,female,25.392,1,yes,northwest,37932.58
37,male,33.404,0,no,southeast,21749.43
37,male,36.63,0,no,southwest,25557.12
56,male,30.846,0,yes,northeast,63770.0
33,female,22.753,0,no,northwest,11766.64
25,male,22.302,0,no,northwest,12188.81
33,female,21.894,1,no,northwest,10265.67
19,male,19.818,3,yes,northwest,29457.96
22,female,31.268,0,yes,southeast,51880.09
22,female,37.463,1,no,northeast,14793.71
54,male,30.518,1,no,northwest,23214.17
51,male,16.811,0,no,northwest,7704.46
50,female,29.436,0,no,southeast,20005.29
39,male,29.607,0,no,southeast,24232.42
51,male,43.386,0,yes,southwest,63770.0
25,female,21.711,0,no,southeast,8531.3
60,male,28.217,0,yes,southwest,39225.68
41,male,41.006,1,no,northwest,24241.22
62,male,33.345,0,yes,northeast,58395.42
25,male,34.036,0,no,southeast,20227.57
41,female,31.299,0,no,southeast,17527.53
50,female,32.613,1,yes,northwest,63770.0
41,male,35.343,0,yes,southwest,55151.85
38,male,25.662,1,no,northeast,21160.12
25,female,35.956,0,yes,southeast,58913.19
35,male,22.225,0,no,southwest,12044.52
29,male,32.603,3,no,southwest,10674.69
32,male,31.69,0,no,northeast,19658.57
50,male,26.841,0,yes,southeast,45900.15
47,female,30.462,0,no,northwest,27805.54
46,male,26.803,4,no,southwest,24361.22
35,male,24.063,1,no,southwest,11948.26
63,female,28.443,1,yes,northeast,43428.81
22,male,23.866,4,no,southwest,6457.57
34,female,32.569,0,no,southwest,23317.28
23,male,23.584,4,yes,southeast,33180.94
33,male,34.943,0,yes,northeast,63770.0
63,male,23.393,1,no,southeast,24442.51
35,female,27.146,0,no,southwest,16642.74
60,female,26.79,0,no,northeast,21259.79
41,male,38.683,3,no,northwest,25338.42
50,male,32.615,0,no,northeast,21893.33
39,male,29.308,5,no,northeast,18750.18
30,female,33.642,0,no,northwest,19533.88
53,male,17.746,1,no,southeast,16968.31
63,female,30.337,3,no,southeast,21738.7
30,female,42.785,0,no,northwest,22118.27
54,female,31.407,3,no,northwest,23056.37
30,male,31.014,1,yes,northeast,62414.72
51,male,33.944,2,yes,northwest,63770.0
55,male,36.063,0,no,southeast,18259.74
39,female,18.415,1,no,southeast,22004.78
52,female,20.338,2,yes,northwest,49151.29
30,female,31.883,1,yes,southeast,63770.0
21,male,26.239,0,no,northeast,10573.72
22,male,38.603,0,no,northwest,14607.56
39,female,28.677,3,yes,southwest,47863.88
60,female,18.799,0,yes,northwest,41211.43
23,female,22.865,2,no,northwest,9138.95
39,female,15.9,5,no,northeast,24412.06
51,male,29.172,0,no,southeast,20172.21
27,male,29.451,0,no,northwest,22196.74
51,male,28.011,2,no,southeast,14670.87
32,female,37.181,0,no,northwest,20421.56
56,female,37.911,1,no,southwest,33970.5
45,male,29.561,2,no,northeast,20749.01
43,female,17.578,1,no,northeast,14472.72
26,female,34.365,0,no,northwest,10345.57
39,female,33.988,2,no,northwest,24686.58
58,female,32.487,1,no,southwest,19915.13
18,male,36.587,0,no,northwest,13827.07
53,male,23.495,1,no,southeast,13958.09
41,female,42.853,3,no,northwest,30747.52
51,female,24.747,1,no,southwest,24203.49
49,male,35.17,1,no,northwest,22183.97
38,male,20.307,0,no,southeast,8887.64
32,female,24.925,0,yes,northwest,44456.83
47,female,39.85,0,no,northwest,21223.81
24,male,29.009,0,no,southwest,7939.55
45,female,35.724,4,no,southeast,14979.39
22,male,32.045,0,no,northeast,11588.01
48,male,29.96,2,yes,northwest,37780.93
47,female,38.919,0,no,southwest,19360.58
21,male,29.156,0,no,southeast,15931.32
53,female,19.737,0,yes,southeast,39603.91
37,male,25.7,0,no,northwest,17201.62
54,female,33.962,2,yes,northwest,63770.0
19,male,33.013,3,no,southwest,14667.55
26,female,21.041,3,no,northwest,21287.58
41,male,26.182,0,no,northwest,15231.87
26,female,27.051,2,no,northeast,16576.76
33,male,28.371,0,yes,southwest,31497.56
49,male,22.207,3,yes,southeast,49348.79
24,male,26.767,1,yes,southeast,34405.68
49,female,26.155,0,no,southwest,23198.55
22,male,35.306,0,no,southeast,14316.67
26,female,35.536,0,no,southwest,18338.99
45,female,29.711,0,no,southwest,21624.19
55,female,28.209,3,no,northwest,20512.99
26,female,31.454,2,no,southeast,20513.4
32,male,25.619,3,no,northwest,12298.84
61,female,23.604,0,no,southwest,24250.02
64,female,24.865,1,no,northwest,21069.53
45,male,26.728,0,no,southeast,19593.25
39,male,23.503,1,no,northeast,14497.02
34,female,31.589,0,yes,northeast,61189.26
46,male,35.051,0,yes,southeast,59690.71
45,female,20.919,1,no,northwest,17697.28
31,male,30.753,0,no,southwest,15507.34
19,male,29.258,1,no,northwest,10144.45
25,female,32.683,1,no,southwest,14617.76
63,male,30.521,0,no,southeast,24554.95
37,female,21.733,3,no,southwest,12558.28
40,female,22.899,1,no,northeast,16057.26
39,male,30.779,2,no,southeast,14232.09
54,male,36.876,1,yes,northwest,63770.0
21,female,17.093,2,no,southeast,14326.72
21,female,32.709,2,no,southeast,15942.89
30,male,37.857,3,no,southwest,24107.32
40,female,29.667,1,no,northeast,9963.47
49,male,33.956,0,no,northeast,10635.92
41,male,26.311,0,no,southwest,14645.82
38,female,29.872,1,no,northwest,11514.22
62,male,20.712,0,no,southeast,19390.24
25,female,16.3,0,yes,southwest,33404.45
44,female,36.351,0,no,northwest,25077.7
43,female,24.592,1,no,southwest,11753.17
40,female,27.821,0,yes,southwest,41979.27
55,male,22.143,1,no,northwest,19651.94
30,male,21.999,2,no,southeast,15083.46
62,female,29.54,2,no,northeast,22689.23
33,female,26.15,0,yes,northwest,44433.61
43,male,32.906,1,no,northeast,20253.19
42,female,33.36,1,yes,northwest,63770.0
57,male,32.557,1,no,northeast,20687.06
38,female,32.055,1,no,southeast,21780.87
31,male,40.224,0,yes,northwest,62065.41
19,female,24.088,4,yes,northwest,34334.2
35,male,30.265,0,yes,northeast,63632.87
56,male,37.509,2,no,southwest,23651.69
18,female,38.314,1,no,northwest,3324.78
60,male,21.927,0,yes,northeast,30753.0
43,male,28.695,2,yes,southeast,48335.25
24,female,38.885,0,no,northeast,22808.21
32,male,33.699,2,no,southeast,26393.7
44,male,31.791,1,no,southwest,19432.15
32,male,29.272,0,no,northwest,9662.9
23,female,28.259,0,no,southeast,10917.34
49,female,32.358,2,no,southwest,21529.55
49,female,29.061,0,no,southwest,14898.46
23,male,30.34,3,no,southwest,21950.79
31,male,31.079,2,yes,northeast,63770.0
29,male,26.464,2,yes,northeast,41085.38
48,female,33.846,0,no,northwest,21100.29
52,male,48.377,2,yes,southwest,63770.0
52,male,19.76,3,no,northwest,25939.75
62,female,32.576,0,no,northeast,25413.46
54,female,25.963,0,no,northwest,18806.55
33,female,34.122,0,no,southeast,19505.54
23,male,30.884,0,no,southwest,10636.02
46,female,35.247,2,no,northeast,23412.45
61,female,37.771,1,no,northeast,20513.33
63,male,31.774,1,no,southwest,29337.31
28,female,37.506,0,no,northeast,17387.13
29,female,16.3,0,no,southwest,15233.6
19,male,40.302,0,no,southwest,14434.55
24,female,32.888,3,yes,northeast,59620.14
44,female,37.175,1,no,northwest,16232.32
43,female,23.159,0,no,southeast,19741.38
35,female,25.532,2,yes,northeast,36244.28
32,female,31.49,0,no,northeast,14722.8
57,female,30.496,0,no,southwest,21988.39
39,male,32.327,0,yes,northwest,62353.42
55,female,37.216,4,no,northeast,19023.84
63,female,19.832,2,yes,northwest,43845.93
32,female,36.54,1,no,northeast,22636.74
27,male,30.651,0,yes,northwest,56432.31
62,male,29.357,0,no,southwest,21896.52
47,female,21.626,1,yes,southwest,41167.41
31,female,33.669,0,no,northeast,16803.95
47,female,15.9,3,yes,northeast,35969.68
42,male,34.555,2,no,southwest,20219.59
60,male,21.498,1,no,southwest,24747.67
30,female,30.926,2,no,northeast,12435.29
64,male,29.873,4,no,southwest,23832.92
61,female,37.734,1,no,southwest,19674.88
26,male,29.51,1,no,northeast,19414.52
25,male,26.366,3,no,northeast,14425.17
43,female,27.51,0,yes,northeast,38132.4
20,male,38.365,3,no,northwest,17215.65
32,female,33.871,0,no,southeast,11581.23
38,female,28.248,1,no,northeast,13231.11
63,female,29.158,2,no,southeast,17891.54
64,male,21.04,1,no,southeast,16762.69
25,male,32.97,1,no,northeast,22168.12
59,female,19.865,1,no,northwest,16576.42
22,male,35.186,0,no,northeast,17629.39
53,male,31.385,0,yes,southwest,60973.69
57,male,45.16,0,no,northeast,31340.7
59,female,23.889,1,yes,northwest,40086.0
28,male,29.974,1,no,northwest,15327.95
59,male,41.57,0,no,northeast,27495.93
23,female,37.867,3,no,southeast,27891.23
42,male,26.353,0,yes,northwest,43453.4
40,female,31.966,1,no,northwest,16260.71
32,female,30.612,0,no,northeast,19704.68
19,female,32.32,0,no,northeast,23427.39
54,female,26.338,2,no,northwest,13858.18
33,male,30.055,1,no,southwest,12286.98
49,male,20.852,0,no,southwest,15655.12
37,male,31.424,3,yes,northeast,61253.02
35,male,33.345,2,no,northeast,17766.44
59,female,29.213,2,yes,northeast,41771.24
22,female,20.748,3,no,southwest,17424.64
52,female,36.63,3,yes,southeast,61646.16
53,female,32.824,0,no,northeast,21910.96
35,female,26.171,1,no,northeast,21122.67
30,male,28.888,1,no,southwest,14777.21
18,male,21.446,0,yes,northwest,28349.91
62,female,24.345,0,yes,southwest,38684.81
62,male,27.319,0,no,southeast,21600.27
29,female,38.093,1,no,southwest,14284.06
19,female,26.699,2,yes,southwest,36234.21
23,female,34.505,2,no,southwest,9120.12
21,female,27.316,0,no,northeast,16332.94
57,female,32.112,0,no,northwest,23436.93
59,female,29.737,1,no,northeast,24687.47
25,female,35.926,1,yes,southeast,63770.0
53,male,27.338,3,yes,southeast,43271.46
26,male,21.008,3,no,southeast,9366.46
35,female,22.17,3,yes,northwest,36391.16
46,female,27.356,3,no,southeast,19061.11
51,female,22.981,3,no,northwest,19374.39
59,female,33.102,1,no,northeast,21205.52
20,female,27.759,0,no,northeast,3456.59
27,female,45.085,0,no,southeast,16873.87
31,female,20.0,0,no,northwest,13779.22
32,male,31.842,0,no,southwest,16541.02
64,male,23.719,0,no,southwest,26965.27
54,male,27.59,3,no,northwest,30884.39
33,male,31.463,0,no,northwest,19879.79
63,female,16.415,3,yes,northwest,50458.29
41,male,32.045,2,no,southwest,22745.33
41,male,42.208,1,no,northeast,30963.19
38,male,27.834,2,no,northeast,26554.06
24,female,32.185,0,yes,southeast,62141.29
61,female,36.852,1,no,northeast,29879.87
18,male,29.6,0,no,southeast,11024.46
26,female,27.056,3,no,northwest,14442.46
28,female,16.718,0,no,northeast,9476.67
31,female,34.51,0,yes,northeast,63770.0
24,female,29.91,2,no,northeast,12028.73
18,female,24.423,1,no,southeast,9859.61
49,male,31.372,1,no,northeast,11174.5
63,female,27.04,1,no,northwest,31037.1
23,male,27.377,0,no,southwest,11122.27
31,male,34.298,2,no,southwest,19488.45
41,female,22.436,0,yes,northeast,46323.92
61,female,36.989,0,no,northwest,26917.69
50,female,22.074,0,yes,northwest,47783.97
54,male,26.558,0,no,northeast,15416.32
45,male,42.33,0,no,northwest,33957.09
37,male,37.477,1,no,southeast,24859.41
27,female,31.195,0,no,southeast,15755.76
58,female,24.863,0,no,northwest,27197.65
55,female,27.371,1,yes,northeast,40253.57
19,female,31.047,0,yes,northwest,54886.74
51,male,30.829,2,yes,southeast,63770.0
21,male,30.046,3,no,northwest,5913.41
52,male,30.412,0,no,northwest,23578.02
56,male,29.292,3,no,northeast,26261.15
24,male,21.804,0,no,southwest,19396.84
38,male,27.449,0,no,northeast,10014.87
23,male,36.179,2,no,northwest,23622.41
44,female,22.253,2,yes,southwest,37825.87
61,male,29.444,2,no,northwest,22024.98
21,male,25.6,0,no,northwest,5908.98
36,male,31.279,2,no,northwest,13246.74
63,male,28.229,0,no,northeast,25711.42
32,female,39.612,0,no,southeast,13886.47
24,male,33.69,0,no,southwest,17788.98
40,male,22.598,5,no,southeast,14773.99
41,male,34.694,0,no,southeast,14150.37
49,female,25.875,2,no,northwest,17363.61
32,female,27.08,1,no,northeast,17451.58
62,male,32.514,2,no,northwest,24061.53
42,male,27.6,2,no,southwest,18241.95
31,male,36.046,3,no,southeast,22028.11
63,male,25.875,0,yes,southwest,50389.65
61,female,26.824,0,no,northwest,20816.49
41,female,26.596,1,no,southeast,12717.68
19,female,27.15,0,no,northwest,11741.93
46,male,37.305,0,no,northeast,24588.57
44,male,34.436,0,no,northwest,13730.62
24,male,41.031,0,yes,southeast,56772.49
47,male,44.433,0,no,southeast,21146.55
57,female,24.313,0,no,northwest,19408.09
22,male,31.03,3,no,northwest,11475.25
51,male,23.425,0,no,southwest,21271.93
24,female,25.857,4,no,northeast,7669.71
53,male,26.756,3,no,northwest,14440.75
37,male,24.151,0,yes,southeast,37087.33
18,male,24.183,2,no,southwest,9929.95
63,male,29.72,1,no,southeast,17621.7
25,male,23.178,2,no,southeast,9878.37
46,male,35.737,0,yes,southeast,62948.51
26,male,25.002,0,no,northwest,10740.82
61,male,47.738,0,no,southeast,29797.01
52,male,27.847,1,yes,northeast,41912.41
55,female,31.039,4,no,northeast,31313.13
38,male,22.698,2,no,southwest,17627.26
39,female,41.007,2,no,southwest,18100.3
47,female,37.429,4,no,northeast,25116.87
54,male,32.411,2,no,northeast,24453.7
57,female,22.385,0,yes,northeast,49373.3
18,male,31.885,3,yes,southwest,54540.33
49,male,23.759,0,no,southeast,21533.49
23,male,39.52,0,no,southwest,16309.95
31,male,35.536,1,no,northeast,25178.93
56,male,31.182,3,no,northwest,29599.07
29,male,15.9,0,no,northwest,11173.41
55,female,24.601,1,yes,northwest,42718.06
39,male,34.795,0,no,southeast,21402.08
28,female,37.999,0,no,northwest,16507.64
33,female,37.366,0,no,southwest,25572.16
42,female,20.889,2,no,northwest,16626.49
53,male,32.439,3,no,northwest,21599.48
46,female,36.795,0,no,northwest,19534.08
61,female,20.484,0,no,southeast,14661.06
58,female,30.552,0,no,northeast,25866.68
53,male,32.27,0,no,northwest,18239.05
46,female,28.765,1,no,southwest,23974.12
31,female,19.302,2,no,southwest,6671.45
37,male,28.613,1,no,northwest,17614.88
23,male,28.603,0,no,southeast,18095.0
35,male,29.697,1,no,southwest,6794.9
61,female,27.163,0,yes,southwest,54505.98
38,male,27.898,0,no,southwest,14272.56
23,male,30.358,3,no,southeast,15573.07
48,female,33.299,2,yes,northwest,63770.0
63,male,28.743,3,no,southwest,27672.77
58,male,28.101,3,yes,northwest,48025.81
30,female,31.163,1,yes,southeast,63770.0
39,female,18.882,3,no,southeast,17646.88
42,female,33.51,0,no,southwest,27002.27
29,female,30.597,0,no,northeast,18187.48
30,male,30.842,0,no,northeast,25018.72
29,female,36.46,0,no,southeast,21126.65
64,female,18.688,0,no,southwest,11781.16
53,male,18.56,0,no,southeast,29154.76
57,male,32.27,2,no,southwest,20944.55
56,male,30.557,2,yes,northeast,63770.0
63,male,31.638,1,no,southwest,24521.11
22,male,27.781,0,yes,northeast,41362.64
59,male,34.653,2,no,northwest,22137.33
21,female,36.289,0,no,northwest,17751.22
40,male,33.552,0,no,northeast,18532.8
45,female,29.009,0,no,southwest,25478.48
34,female,17.743,0,no,northeast,14869.2
24,female,35.292,0,yes,southwest,62698.1
27,female,38.053,2,no,northeast,8999.14
56,male,34.532,2,no,northwest,24030.48
32,female,25.234,2,no,southwest,16554.7
32,male,34.71,0,no,northeast,18980.57
61,female,35.849,2,no,southwest,30075.38
24,male,40.109,2,yes,southwest,59389.4
61,male,25.256,0,no,northeast,22614.02
61,female,29.219,1,no,southeast,28797.79
46,male,35.158,1,yes,northeast,55488.04
25,female,30.95,1,no,northwest,17345.58
25,male,23.784,0,no,northwest,10346.24
31,male,33.129,1,no,southeast,12867.14
45,female,34.13,0,no,southwest,21577.35
25,female,31.137,0,yes,northeast,63770.0
39,male,31.939,0,no,southwest,22456.02
23,male,29.022,3,no,northwest,13889.25
43,male,39.618,0,yes,southeast,63770.0
18,female,25.106,0,no,southeast,14371.29
51,female,27.017,0,yes,northwest,42782.44
20,male,30.667,3,no,northeast,11841.25
27,male,35.962,1,yes,northeast,58208.91
26,male,21.466,3,no,northeast,17254.12
57,male,22.607,0,no,southeast,19590.65
20,female,18.17,0,no,southeast,3988.28
38,female,30.799,1,no,southwest,10041.79
45,male,23.778,0,no,northwest,20789.98
42,female,28.254,2,no,southeast,16243.32
49,male,34.634,3,no,northwest,24595.96
55,male,26.687,1,no,southwest,26265.39
36,male,32.011,4,no,northeast,14153.47
56,male,28.774,1,no,northeast,22532.3
32,male,34.7,0,no,northeast,17202.88
64,female,33.498,1,no,southwest,26983.18
41,female,26.379,0,no,northeast,23141.29
52,male,29.571,2,no,southeast,15755.9
59,female,36.967,0,no,southeast,27603.2
55,female,33.0,0,no,southeast,27331.86
58,female,22.079,1,no,southeast,19507.37
43,female,34.599,0,yes,northwest,62979.16
20,male,23.984,0,no,southwest,12097.74
41,female,39.216,2,no,southeast,23612.96
26,female,36.847,0,no,northwest,19040.1
59,female,32.368,1,no,northeast,27227.2
29,male,31.559,0,no,northwest,11035.59
28,male,29.325,0,no,northwest,18913.45
29,male,34.739,0,no,southwest,21354.39
48,male,28.338,2,no,northeast,21828.91
44,male,32.037,3,no,southwest,13828.51
62,male,35.919,0,no,southeast,24956.91
37,female,27.173,3,yes,southwest,41501.92
31,male,26.841,1,no,northwest,9746.83
20,female,23.314,1,no,southeast,9253.0
18,male,24.107,2,no,northwest,4753.15
35,female,19.447,2,no,southeast,16710.33
61,male,35.052,2,no,southeast,26633.96
42,female,41.634,1,no,southeast,15233.2
59,male,39.295,1,no,southwest,27468.94
22,male,20.681,0,yes,southeast,33290.44
22,male,35.022,0,no,northwest,17101.12
57,female,39.275,1,no,northwest,23998.85
23,male,27.813,0,no,southwest,8651.63
20,female,31.219,0,no,northwest,9533.47
36,female,18.352,0,no,southeast,10494.39
61,male,32.227,0,no,southwest,23679.62
50,male,24.112,1,no,southwest,19202.77
22,male,31.818,1,yes,southeast,56841.7
57,male,21.077,0,no,southeast,17370.47
57,male,33.911,0,no,northwest,21929.32
55,male,36.85,1,no,southeast,35725.26
60,female,25.823,0,yes,northeast,42353.33
29,male,23.665,2,no,southeast,11298.58
64,male,17.448,1,no,northwest,35200.18
33,female,28.975,1,no,northeast,18716.31
55,female,27.052,1,no,southeast,14997.25
45,male,21.139,3,no,southwest,21007.96
54,male,33.363,2,no,northwest,19414.61
47,male,27.855,1,yes,northeast,47682.93
48,female,24.038,1,no,northeast,18143.21
46,female,27.217,0,no,southwest,16062.53
54,male,37.135,3,yes,northeast,63770.0
52,male,34.278,0,no,southeast,24880.55
24,male,29.807,0,no,southwest,17554.76
56,female,34.377,5,yes,northwest,63770.0
43,male,23.518,2,no,southeast,15400.94
33,male,30.797,0,yes,northwest,62494.1
42,male,31.499,0,no,northeast,24956.14
63,male,27.734,0,no,southeast,23638.54
58,female,33.256,1,no,northwest,32141.87
57,male,25.839,0,no,southeast,24674.06
39,male,33.71,3,no,southwest,20758.22
54,female,33.966,3,no,southeast,25320.47
36,female,15.9,1,no,northeast,13904.57
50,male,37.861,1,no,southeast,17843.56
48,male,15.9,0,yes,southwest,37921.68
29,female,26.842,0,yes,northwest,38393.2
30,male,36.855,2,no,northeast,17249.77
20,female,28.665,0,no,northeast,14379.0
24,female,21.656,0,no,northwest,10982.36
38,female,23.928,0,yes,southeast,42257.85
40,male,36.864,0,no,northwest,23049.13
25,female,18.879,1,yes,northeast,35662.26
37,female,37.487,2,no,northeast,14998.25
46,male,30.264,2,no,northeast,29165.37
28,female,23.326,1,no,southeast,12319.07
33,female,27.043,2,yes,southwest,38700.2
35,female,24.395,0,no,northwest,13109.01
41,male,35.884,2,no,southwest,18363.87
35,male,35.068,1,no,southwest,25200.7
52,female,20.113,0,no,southeast,23894.49
33,male,28.138,3,no,northwest,18805.31
38,female,25.335,0,no,northeast,15956.8
35,female,38.49,0,yes,northeast,63770.0
26,female,22.364,0,no,northeast,12672.21
50,male,40.386,0,yes,northeast,63770.0
29,female,30.397,0,no,northwest,16592.49
31,male,23.512,1,no,southwest,11413.75
55,female,26.469,3,yes,northwest,46609.96
62,male,25.71,0,yes,southwest,46123.29
49,male,22.825,1,yes,southwest,44065.46
61,female,31.178,0,yes,southwest,63770.0
58,female,23.11,2,no,northeast,25061.91
40,female,17.3,0,no,northwest,9530.6
54,male,28.284,0,yes,northeast,42497.17
33,female,19.603,1,no,northeast,11348.83
39,female,26.012,2,no,northeast,13059.73
43,female,25.054,2,no,southwest,22078.3
63,female,25.286,1,no,northeast,19043.64
57,male,42.806,2,no,northeast,24960.86
40,male,30.944,0,no,northeast,24460.85
48,female,32.097,0,no,southwest,17604.39
27,female,19.764,0,no,southwest,9795.48
55,male,26.611,0,no,northeast,16727.5
43,male,31.913,0,no,southwest,22559.57
43,female,24.35,1,no,southeast,21005.81
54,female,36.139,0,no,southeast,26791.13
47,male,23.264,1,no,southwest,19896.0
21,female,28.853,1,no,southwest,12892.64
31,female,27.025,2,no,northeast,13778.55
26,male,31.602,1,no,northeast,12201.3
52,male,26.693,0,no,northeast,26333.26
19,female,28.948,0,no,southeast,15434.46
27,male,29.16,1,no,southwest,11102.93
46,male,26.12,1,no,southeast,18738.84
50,male,33.559,0,no,southeast,20223.95
41,female,32.054,0,no,southwest,13260.87
58,male,30.059,2,yes,northeast,63770.0
61,male,27.974,1,no,northeast,21901.7
24,male,35.459,0,yes,northwest,54655.06
62,female,29.161,1,no,southeast,17067.03
46,female,28.729,3,yes,southeast,36843.45
47,male,31.239,0,no,southwest,17957.45
22,male,40.949,3,no,southeast,17790.24
47,male,22.424,0,no,southeast,13181.07
52,female,35.296,1,no,southeast,26076.01
45,female,19.052,0,no,northwest,15192.2
21,male,31.925,0,no,northeast,16791.23
42,male,40.208,3,yes,southwest,63770.0
61,female,33.581,1,no,southwest,20979.7
52,female,31.641,3,no,southwest,23015.06
24,male,27.181,0,no,southwest,6627.69
63,male,30.789,3,yes,northwest,63770.0
63,female,29.062,3,no,northeast,21393.29
25,female,25.806,1,no,northeast,17828.03
55,female,28.832,0,no,northwest,19791.51
37,male,31.81,2,no,southeast,23358.7
45,male,25.92,1,yes,southwest,36281.8
38,female,25.682,3,no,southeast,14245.1
54,female,22.303,1,no,southeast,21094.2
64,female,32.983,0,no,northeast,30991.63
55,male,33.926,0,no,southeast,30495.32
61,female,32.013,2,no,southwest,24670.44
62,male,36.488,4,no,southeast,35850.9
22,male,31.136,0,no,southwest,11791.39
29,female,32.991,2,no,northeast,22531.48
51,female,32.453,3,no,southwest,18269.68
45,female,30.042,0,no,southwest,20604.76
20,female,27.362,0,no,southwest,1122.0
22,male,44.106,2,no,northeast,14387.82
42,female,27.843,1,yes,northwest,43688.24
46,male,26.538,0,yes,northwest,35811.57
25,male,33.247,2,no,southeast,17852.78
26,female,32.136,1,no,southwest,19023.94
24,female,22.031,3,no,northeast,10894.29
44,female,37.448,3,no,southwest,17977.55
18,male,30.025,2,no,southwest,10514.41
44,female,23.823,1,yes,northwest,36435.43
40,male,37.852,0,yes,southwest,63035.7
39,female,34.417,1,no,southwest,19537.02
49,female,22.886,0,no,northeast,17115.33
42,female,41.441,1,no,southeast,30110.15
52,male,34.619,0,yes,southeast,62706.95
53,male,30.538,1,yes,southeast,63770.0
61,male,40.3,0,no,northwest,21973.42
55,female,31.572,0,no,southwest,22146.26
42,female,30.429,0,no,southwest,23385.54
41,male,26.572,1,no,northwest,22499.87
29,female,34.149,2,no,northwest,15378.01
46,female,33.507,0,no,northeast,23715.12
24,male,30.69,3,no,southeast,17203.01
61,male,25.781,3,yes,southwest,43978.0
57,female,31.393,0,no,northwest,25451.46
23,female,30.174,1,no,northwest,22298.63
54,male,22.466,0,no,southwest,20676.43
23,female,21.622,0,no,northwest,13163.86
51,female,34.047,1,no,southwest,25100.21
22,female,15.9,0,no,northeast,2592.61
40,female,31.853,3,no,northeast,22622.5
48,female,27.684,3,no,southeast,15980.3
52,male,38.58,2,no,northeast,22756.91
37,male,27.59,1,no,northeast,27133.44
61,male,34.623,1,no,southwest,23725.91
54,female,28.179,4,no,southeast,19428.29
27,male,31.294,0,no,northwest,20033.64
49,male,35.095,0,yes,southwest,60656.8
52,female,27.778,1,no,southeast,18653.35
33,male,36.679,0,yes,southeast,63770.0
52,male,24.538,0,yes,northeast,43509.99
60,male,32.397,0,no,southeast,16763.82
56,male,36.228,1,yes,northeast,63770.0
53,male,34.626,0,no,southeast,20922.48
47,female,42.29,0,no,southwest,30205.03
30,male,25.943,0,no,northeast,11833.35
55,male,22.187,0,no,southwest,23452.23
35,female,24.535,3,no,southwest,23727.19
43,male,34.629,0,no,southeast,16278.33
32,female,33.637,2,no,northwest,17010.75
32,female,31.224,2,no,southeast,18832.73
25,female,23.75,0,no,southwest,7579.44
63,male,35.278,2,no,southeast,27698.07
24,male,23.129,2,yes,southeast,34820.43
22,female,37.67,1,no,southwest,14628.3
61,male,48.03,0,no,northwest,29430.12
44,female,32.835,0,yes,southwest,63196.24
38,male,34.157,5,no,southeast,21789.27
52,male,27.594,2,no,northwest,18391.3
36,female,19.558,3,no,northwest,12255.87
24,female,26.923,3,yes,southeast,37030.95
52,female,23.933,0,yes,southeast,42216.48
26,female,21.773,2,no,southeast,10430.27
43,male,41.106,1,no,northeast,24882.71
62,female,32.264,2,no,southwest,16660.69
61,female,32.916,0,no,southwest,20535.18
34,male,28.715,0,no,southeast,14556.27
54,male,29.545,2,yes,southwest,41497.33
46,female,36.484,2,no,southwest,29391.11
40,male,30.403,1,no,southwest,18097.87
24,female,33.837,0,no,northwest,15701.67
35,male,29.404,0,no,northwest,14128.78
48,male,28.513,3,no,northwest,20758.28
64,male,22.018,1,no,northeast,17117.3
18,male,18.536,1,no,southeast,8012.7
51,female,29.004,1,no,northeast,17294.78
57,female,30.945,0,no,northwest,21283.53
62,female,22.755,1,no,northeast,10789.53
37,female,30.39,1,no,northwest,12552.69
23,male,30.928,2,no,southeast,21233.91
30,female,17.448,3,yes,southeast,39734.63
57,female,25.018,3,no,southeast,27951.62
59,female,33.084,1,no,southwest,30082.47
47,female,32.961,1,no,southeast,24105.57
23,female,23.563,2,no,southwest,9777.88
23,female,31.567,2,no,southwest,9789.48
40,female,36.837,1,no,northeast,26396.56
45,female,35.34,2,no,northwest,22112.76
19,female,30.019,2,no,northwest,24529.37
50,male,27.745,2,no,southeast,18972.91
43,male,26.761,2,no,northwest,27349.16
18,female,33.454,0,yes,northeast,56714.26
22,male,31.79,1,no,northwest,20202.92
39,male,34.439,1,no,northwest,27119.98
51,female,31.404,0,no,southeast,16520.05
56,female,35.594,3,no,southeast,23063.53
38,female,31.177,1,no,northwest,13500.0
31,male,35.387,0,no,northeast,12402.96
63,male,35.912,2,no,southeast,29692.76
39,female,25.692,2,no,southeast,16193.53
32,female,19.57,2,no,southeast,13473.75
38,male,40.015,0,yes,southeast,63770.0
18,female,32.166,3,yes,northeast,50076.54
32,male,20.142,0,yes,northwest,41757.31
42,female,26.246,1,yes,southeast,39490.26
61,female,35.308,0,no,southeast,27407.45
52,female,28.894,1,no,southeast,23828.23
54,female,27.476,2,no,southwest,27335.66
43,male,39.145,1,no,northwest,21605.99
23,male,24.212,1,no,northeast,3093.59
36,male,25.731,2,no,northwest,16568.3
64,female,31.889,2,yes,southwest,63770.0
20,female,32.982,0,no,northwest,8929.89
59,female,33.628,3,yes,northwest,63770.0
50,male,36.159,2,no,southeast,21767.89
31,male,31.811,4,no,northwest,11935.24
54,female,33.585,4,no,northwest,27564.73
57,female,29.019,3,no,northeast,21499.51
20,female,30.982,2,yes,southwest,55155.35
23,male,31.256,1,yes,southwest,55292.88
49,male,31.912,0,no,southeast,26330.61
64,female,35.312,1,no,southwest,25688.84
19,female,33.986,2,no,southeast,14971.33
49,male,30.87,1,yes,northeast,63124.24
24,female,25.664,3,no,southwest,15332.02
48,male,31.013,0,no,southeast,26286.22
47,male,30.429,0,no,northeast,23376.94
22,female,31.778,1,no,southeast,17277.64
49,female,44.06,1,no,southeast,27987.84
60,female,27.405,0,no,northwest,15932.56
58,male,33.176,0,yes,southwest,62685.55
19,female,37.118,2,no,southwest,14326.5
29,female,31.198,1,no,northwest,12548.95
29,female,44.861,0,no,southeast,15053.71
39,male,28.294,0,no,southeast,8552.23
24,female,32.577,1,no,southwest,8511.03
58,female,25.727,0,no,northeast,20615.54
54,female,28.456,2,no,southwest,21178.06
55,male,32.118,2,no,northwest,19790.2
27,female,35.762,0,no,southeast,16676.62
18,male,32.546,1,no,northwest,11447.93
60,male,38.281,0,no,southeast,30640.31
31,female,30.021,0,no,southwest,14339.61
48,male,28.574,3,no,northwest,23982.91
60,female,47.094,1,no,northwest,30035.48
19,male,33.005,3,yes,southwest,51562.33
18,female,26.211,0,no,southeast,10421.67
18,female,26.365,0,no,southeast,5320.14
25,female,24.85,1,no,southwest,11793.96
20,male,36.313,1,no,northwest,11810.2
56,male,28.377,5,no,southwest,25143.24
46,male,31.377,0,yes,southeast,57273.82
64,male,30.213,3,no,southwest,25216.45
55,female,35.062,3,no,southeast,27386.33
63,male,25.435,1,no,southeast,26837.73
29,male,24.039,0,no,southeast,9534.12
31,male,31.968,1,no,southeast,16669.32
57,male,34.266,0,no,northeast,25156.44
29,female,32.628,2,no,southeast,23729.31
20,female,25.662,1,no,northeast,5682.47
49,male,34.733,3,no,southwest,18641.93
55,female,26.062,1,no,southeast,33500.54
63,female,27.419,1,no,southwest,21779.33
61,male,24.842,2,no,southeast,14008.39
23,male,38.537,1,no,northwest,14055.73
54,male,34.464,3,no,northeast,12593.19
57,male,34.29,0,no,northwest,24719.84
50,male,38.208,4,yes,northwest,63770.0
56,male,47.757,2,no,southwest,24277.33
57,female,20.174,3,no,southwest,17899.16
38,male,26.096,1,no,northeast,21328.12
19,female,26.841,2,no,southwest,3981.56
39,male,25.41,0,yes,southwest,33178.23
27,male,24.027,2,no,northeast,13082.39
23,female,28.772,0,no,northeast,10289.25
23,female,23.179,0,yes,northwest,33306.67
50,female,32.644,1,no,southeast,16065.64
41,male,30.915,0,no,northeast,20026.36
43,male,33.534,0,no,southwest,18674.67
53,male,33.697,2,no,southeast,25831.37
43,male,34.278,0,no,southeast,20893.54
47,female,28.322,2,no,northeast,21656.37
22,male,43.539,0,no,northeast,11779.49
58,male,32.03,2,no,northwest,26326.56
39,female,19.239,2,no,southwest,13059.97
25,male,24.486,0,no,southeast,11330.69
56,male,19.983,2,yes,southeast,47831.58
52,male,30.706,3,no,northeast,20055.52
20,male,29.857,2,no,southwest,19193.14
27,female,27.743,0,no,southwest,19775.33
18,female,42.867,1,no,northwest,20193.64
30,female,33.949,2,no,southeast,13050.38
22,male,35.029,0,no,northeast,5641.25
51,female,24.92,2,no,southwest,24398.36
42,female,24.505,0,no,northeast,17707.88
64,male,30.825,2,no,southwest,21518.86
53,female,31.655,0,no,southwest,26607.18
46,male,19.276,0,no,southeast,11944.07
41,female,29.5,5,no,southwest,17986.3
20,female,30.686,3,no,northwest,16628.39
21,male,29.288,3,yes,southwest,32153.83
46,male,25.638,3,no,southwest,18467.88
18,male,27.309,1,no,northwest,16573.09
19,female,29.521,0,no,southwest,12731.93
28,male,31.154,0,yes,northwest,63770.0
59,female,34.289,1,no,northwest,29736.58
39,male,37.193,0,yes,southwest,63048.51
51,male,28.804,3,no,northeast,11889.98
37,female,27.817,0,no,southeast,11323.63
26,female,33.27,0,no,southeast,18674.1
35,female,34.326,0,no,southwest,10551.45
22,male,27.951,0,no,northeast,11673.71
54,male,35.421,0,no,northwest,24752.09
26,male,36.575,1,no,southeast,23422.82
35,female,38.479,0,no,northeast,17410.48
64,female,41.448,1,no,southeast,25402.15
45,male,25.315,3,no,northeast,19457.94
39,female,30.685,1,no,northwest,19825.16
43,male,30.669,2,no,northeast,19766.66
54,female,30.002,0,no,northeast,26862.37
29,female,26.639,0,no,northeast,10934.72
47,female,21.538,0,no,southwest,16968.26
59,male,31.165,3,no,northeast,27267.91
44,female,25.913,1,no,northeast,16870.24
38,male,31.125,0,no,northwest,21429.94
24,female,25.756,1,yes,southeast,36889.79
29,male,23.892,2,yes,northeast,41634.17
62,female,32.029,1,no,southwest,25143.04
43,male,31.521,1,no,southeast,21255.75
32,male,34.134,3,no,northwest,15678.46
37,female,43.934,2,yes,southwest,62839.75
45,female,32.291,1,no,northwest,25845.81
43,male,33.559,0,no,southwest,22214.27
50,female,24.027,0,yes,northwest,37325.57
30,male,22.75,3,no,northeast,15761.39
48,male,40.255,1,no,southeast,13062.16
38,male,24.967,0,yes,northwest,36536.38
62,male,24.232,1,no,southwest,26021.18
25,male,30.361,0,no,northeast,14155.97
24,male,30.05,2,no,northeast,15847.11
39,male,25.095,0,no,southwest,1947.63
41,male,28.74,2,no,northwest,16839.06
50,male,38.099,1,no,southeast,25074.9
36,female,25.683,0,no,northwest,17429.19
60,female,22.099,0,no,northwest,24723.27
40,male,36.35,2,no,southeast,19909.34
24,male,33.603,0,no,northwest,14083.54
23,female,26.815,0,no,southwest,5934.42
63,female,20.949,2,yes,southeast,44332.82
24,female,26.058,0,no,northeast,7362.05
62,female,30.266,0,no,southwest,14892.36
31,female,37.711,0,no,northwest,13121.32
22,female,24.277,3,yes,southwest,42560.49
32,male,30.084,0,no,northeast,15230.19
46,male,34.718,0,yes,northwest,63770.0
38,male,16.074,0,yes,southeast,33873.69
54,male,36.906,0,no,southeast,15661.5
46,female,23.387,0,no,southeast,21390.22
36,female,32.625,0,no,northeast,8551.36
47,female,32.105,0,no,southeast,17818.08
63,male,37.216,0,no,southeast,25915.51
37,male,33.961,3,yes,northwest,63770.0
25,male,16.099,0,no,southeast,6043.56
37,female,25.813,0,no,southeast,7367.46
57,male,31.443,3,no,southeast,20531.27
28,male,29.411,3,no,southwest,12156.22
62,female,33.513,2,no,northwest,22160.37
45,female,35.415,0,no,northeast,25952.21
46,female,34.312,0,yes,northeast,59521.75
32,male,29.293,0,yes,northeast,41041.1
61,male,19.337,0,no,southeast,20453.55
19,male,27.822,0,no,southeast,15943.31
32,male,33.14,1,no,northwest,16637.11
37,female,23.948,0,no,northeast,19282.93
40,male,34.451,1,no,northwest,18973.84
40,male,36.141,0,no,southeast,21781.3
24,female,31.374,0,no,northwest,7330.19
28,male,15.9,2,no,northeast,1122.0
22,male,22.804,3,no,northeast,14584.28
44,male,42.106,0,yes,northeast,63770.0
34,male,27.266,1,no,southeast,17957.54
44,male,18.497,0,no,southeast,12681.81
45,female,38.135,0,no,southeast,28488.3
50,female,30.681,2,no,southeast,19515.28
43,male,37.34,0,no,northeast,23596.16
48,male,32.289,0,no,southeast,23311.23
45,male,33.397,1,no,southeast,28435.34
48,female,32.814,0,no,southeast,19381.99
46,female,34.855,0,no,northwest,18022.78
32,female,44.492,0,no,northwest,13760.71
29,male,36.523,3,no,southwest,25118.24
55,male,20.96,1,no,northeast,21793.15
34,male,33.325,0,no,southeast,19376.02
43,male,37.563,0,no,southeast,35100.96
27,male,37.936,1,yes,southwest,62081.58
38,female,27.998,0,yes,northwest,34258.89
42,male,37.706,1,no,northwest,20461.41
47,female,36.259,2,yes,northeast,62458.95
42,female,46.292,0,no,southwest,21514.95
34,female,26.025,0,no,northeast,13816.6
63,male,27.505,0,yes,northwest,43815.04
42,female,28.733,0,no,southeast,11632.12
55,male,27.61,1,yes,southwest,51657.56
52,male,25.171,3,no,southeast,22111.25
44,male,15.9,0,no,northeast,13872.38
59,male,27.948,1,no,southeast,25952.21
24,female,32.853,2,yes,southeast,61161.29
61,female,27.591,0,no,northwest,23705.64
57,female,42.406,0,no,northeast,30096.47
41,male,30.682,0,no,northwest,18887.77
52,male,38.475,2,no,northeast,28392.75
42,female,32.195,1,no,southwest,22513.36
30,male,35.641,2,no,northeast,19453.76
55,female,32.303,3,yes,southeast,63770.0
29,female,38.95,2,no,southwest,25340.29
32,female,30.941,5,no,northeast,16979.97
42,female,33.626,2,no,southwest,21837.49
57,male,32.835,3,no,southwest,26058.14
36,male,28.841,2,yes,northwest,38094.52
41,male,33.07,2,no,southeast,16397.9
19,male,44.23,2,no,southwest,16003.57
23,male,28.951,3,no,northwest,12258.85
20,female,33.159,1,no,northeast,8260.88
21,male,38.272,1,no,northeast,13838.03
58,female,37.556,1,yes,southwest,63770.0
57,female,30.671,3,yes,northwest,63770.0
56,female,16.061,1,yes,northeast,44534.89
20,male,33.752,2,no,southwest,2700.25
21,female,17.061,2,yes,southwest,35536.0
31,male,39.567,3,no,southwest,17145.43
44,male,31.634,0,no,northwest,21418.08
33,male,36.698,2,no,southwest,18686.73
40,male,25.097,2,no,northwest,16274.92
26,male,21.13,3,no,northeast,12912.84
52,male,32.191,3,no,southwest,22582.12
32,female,30.395,1,no,northwest,22380.17
21,male,27.602,1,no,southwest,12060.19
52,male,31.116,0,no,southwest,25773.19
60,female,47.481,4,no,northeast,35618.31
18,female,35.691,0,no,southeast,16959.73
38,female,37.002,2,no,northeast,13210.88
56,male,35.748,2,no,northwest,29841.69
51,female,39.625,1,yes,southwest,63770.0
58,female,29.441,0,no,southeast,25516.3
37,male,18.066,0,no,southwest,8305.38
35,male,29.45,3,yes,northeast,36625.67
51,female,35.552,1,no,northwest,31865.91
25,male,24.684,0,no,southeast,7839.3
29,male,29.524,2,yes,northwest,44400.4
46,female,26.38,0,no,northwest,18698.29
49,female,39.762,3,no,northeast,23610.92
23,female,35.172,0,no,southwest,14485.03
41,female,34.574,0,no,southwest,13314.49
35,female,34.392,0,no,southwest,17487.47
41,male,30.373,1,no,southeast,13790.76
63,male,31.805,1,no,southeast,23076.15
21,female,23.37,2,no,southwest,15395.95
64,male,17.263,1,no,southeast,21460.65
39,male,31.515,0,no,southeast,11370.18
54,female,32.576,0,no,southwest,25721.78
37,female,37.977,0,no,northeast,20320.46
32,male,40.185,3,no,northwest,18081.22
54,male,40.177,0,no,southeast,28158.45
50,female,24.512,4,no,southeast,19756.53
24,male,28.451,0,no,southeast,7883.35
51,female,33.53,0,no,northeast,30840.04
53,female,46.045,0,no,northwest,26397.06
36,female,39.629,0,yes,southeast,63071.34
61,male,37.428,2,no,northeast,25548.27
48,female,28.234,1,no,northeast,25787.07
33,male,25.212,0,no,northeast,12738.01
18,female,35.412,1,yes,southwest,50493.55
49,male,23.886,1,no,southwest,15148.33
27,male,29.146,3,no,northwest,21548.67
53,female,29.9,3,no,southeast,26331.59
42,male,40.317,2,yes,northwest,63770.0
39,female,28.436,2,no,northeast,24863.53
25,female,15.9,2,no,southeast,13572.74
51,male,33.677,1,no,southeast,21153.76
25,male,26.336,2,yes,southeast,36404.29
37,female,30.86,0,no,southeast,18785.73
57,male,30.071,2,no,northwest,19459.94
61,male,28.93,3,no,northwest,24367.17
64,male,35.421,0,yes,southeast,63770.0
63,male,21.25,2,no,northwest,14261.15
44,female,27.446,3,no,northwest,18585.24
27,male,34.773,0,no,northwest,14631.34
57,female,26.854,1,no,southwest,25888.13
55,male,20.786,3,no,northwest,11799.14
64,female,34.678,3,no,northwest,25306.96
48,male,37.451,0,yes,southeast,63670.93
24,male,30.326,0,no,northwest,18067.9
41,female,18.639,2,no,northeast,15774.91
39,male,34.906,0,no,southeast,27241.41
57,male,20.475,0,no,northwest,22056.71
36,female,32.484,0,no,northeast,16433.72
33,male,25.186,0,yes,northeast,39669.84
21,male,23.525,1,no,southeast,9609.94
57,male,27.904,1,no,northwest,25875.6
53,female,29.482,1,no,northeast,16194.17
19,female,26.67,2,no,northwest,8494.47
38,female,34.191,0,yes,southwest,63770.0
40,female,27.879,0,yes,southwest,45715.97
40,male,36.579,0,no,northeast,10762.21
61,male,32.315,0,no,southeast,30209.07
25,male,26.345,0,no,southeast,12063.24
32,male,25.318,0,no,southeast,5697.5
26,male,20.55,0,no,northeast,1122.0
29,female,32.373,0,no,southeast,8840.85
60,female,28.437,1,no,northeast,23575.54
62,female,16.13,1,no,northwest,19126.36
20,female,27.332,3,no,northeast,16708.96
47,female,25.104,2,no,northeast,17191.63
28,male,40.212,1,no,southeast,13543.78
27,female,20.213,0,no,northwest,9331.4
31,female,21.808,1,no,southwest,12987.89
27,male,37.371,0,yes,northeast,62090.91
41,male,38.876,1,no,southeast,17917.84
64,female,26.056,0,no,northwest,26794.99
45,male,26.744,0,yes,northeast,39429.23
51,female,34.359,0,yes,southwest,61284.74
41,female,16.405,2,no,northeast,12792.89
18,male,19.247,2,no,southwest,13928.29
21,male,28.888,2,no,southeast,12855.46
30,male,40.054,1,no,southeast,15872.51
29,male,27.942,1,no,southeast,18908.34
57,male,31.216,0,no,northwest,32263.65
57,female,37.516,2,yes,northeast,63770.0
58,male,43.452,1,no,southeast,32951.45
47,male,27.081,0,no,northwest,23319.08
44,male,30.497,0,no,northeast,16978.63
48,female,41.715,3,no,northeast,26005.8
37,male,21.315,1,no,southwest,8462.5
49,male,36.868,1,yes,northeast,63770.0
55,female,24.388,1,no,southwest,17110.18
53,male,31.225,0,no,northwest,19771.26
46,male,29.12,1,no,northwest,16175.07
20,male,24.756,0,no,northeast,10277.54
52,male,24.603,1,yes,southwest,45114.04
35,male,32.286,2,yes,southwest,60776.67
52,female,36.673,0,yes,northeast,58932.41
43,male,29.809,2,yes,southwest,39219.43
59,male,31.028,0,yes,southeast,59741.94
33,male,34.084,2,no,northwest,19385.99
61,female,24.673,1,no,northwest,24247.02
57,female,35.112,1,no,southwest,25141.43
33,male,35.598,1,no,southeast,14764.02
40,male,46.482,3,yes,northeast,63770.0
42,male,28.306,1,no,southeast,16125.47
54,male,27.806,2,yes,southwest,39653.97
50,male,35.291,2,no,southwest,26044.71
58,male,35.597,0,yes,southeast,63770.0
35,female,27.336,0,no,northeast,20590.91
41,male,28.141,0,no,southeast,14708.96
38,male,33.901,0,no,southwest,23474.46
60,male,25.552,0,no,northwest,19311.04
32,female,28.096,0,no,southwest,17632.44
45,female,31.147,1,yes,southeast,61159.4
23,male,36.675,0,no,northeast,15274.83
57,male,26.912,2,no,northwest,11265.66
36,female,19.361,1,no,southwest,11970.52
34,female,18.909,2,no,southeast,13949.87
45,male,22.918,0,no,southwest,14517.72
41,female,22.59,1,no,southwest,23597.55
57,female,29.657,0,no,northwest,16875.71
42,male,23.348,2,no,southeast,14548.72
42,female,26.313,0,yes,northwest,36531.36
22,male,25.878,3,yes,northeast,34862.74
19,male,27.913,0,no,southeast,16292.65
36,male,38.667,1,yes,northeast,63770.0
64,male,34.638,0,yes,northwest,63770.0
61,female,30.698,1,yes,southeast,63770.0
47,male,27.788,1,no,northeast,14862.96
47,male,27.957,0,yes,southwest,47924.09
36,male,32.599,0,yes,northwest,63770.0
26,female,34.163,0,no,northwest,15056.87
18,female,25.064,0,no,southeast,4168.67
33,female,30.823,5,no,northeast,13471.61
32,male,18.207,0,no,southeast,12596.14
27,female,31.891,0,no,northeast,18216.05
30,female,35.249,3,no,southwest,8674.52
19,female,28.892,0,no,southwest,10128.47
46,male,41.681,0,yes,southeast,63770.0
61,female,25.224,2,no,northeast,22365.13
50,male,31.926,3,yes,southwest,63770.0
39,male,30.381,2,yes,northeast,63770.0
37,male,29.988,1,no,southwest,12216.78
32,male,29.903,4,yes,southeast,39790.97
24,male,31.253,0,yes,southeast,56974.37
46,male,35.773,4,no,southwest,18498.79
44,male,39.004,2,no,northeast,19106.91
18,female,30.586,3,yes,southeast,63770.0
37,male,35.573,0,yes,northwest,57960.97
31,female,26.319,0,yes,northwest,42598.23
26,female,35.272,1,no,southeast,14415.58
51,female,25.952,1,no,northwest,19688.78
42,female,37.253,1,no,northeast,24421.79
47,male,44.085,3,no,northwest,23014.54
51,female,29.855,1,no,northwest,23647.72
64,female,17.225,0,no,northwest,10615.32
55,male,27.257,0,no,northwest,22773.49
47,male,38.114,0,yes,southeast,54689.23
59,female,33.974,0,yes,northwest,63770.0
40,male,32.118,0,no,southeast,22343.03
64,male,36.753,2,no,northeast,30728.82
53,female,33.555,2,yes,northeast,61670.3
48,female,38.028,1,no,northeast,18445.75
60,male,36.208,0,no,northeast,22649.62
42,female,39.882,1,no,northwest,22899.03
51,male,32.789,2,no,northwest,13396.67
31,female,36.122,3,no,southwest,18460.75
63,female,28.727,1,no,southeast,25241.34
47,male,26.931,2,no,southeast,18293.56
54,male,41.011,1,yes,southwest,63770.0
39,female,31.919,1,no,northeast,20360.03
58,male,35.51,3,no,northeast,24000.86
21,male,31.355,0,yes,northwest,48094.3
23,male,27.022,0,no,southeast,12997.62
41,female,30.667,0,no,northwest,13991.27
52,male,39.36,1,no,southeast,21886.26
56,female,33.987,1,no,northeast,26611.77
38,female,20.16,1,no,northeast,21590.8
48,male,29.287,1,no,southeast,19953.44
43,female,41.472,0,no,southeast,24859.05
63,female,29.296,3,yes,southeast,41987.52
48,male,19.617,0,no,southwest,17158.47
37,female,42.148,3,no,southeast,22199.26
63,male,34.763,0,yes,southwest,63770.0
23,male,30.173,1,no,southwest,11085.03
64,male,28.334,1,no,southeast,22882.85
25,female,37.202,2,yes,southwest,63770.0
31,female,27.294,0,no,northwest,14152.87
56,male,37.604,3,no,southwest,20519.53
52,female,33.907,1,no,northeast,34871.66
63,female,32.093,1,no,southwest,19697.02
53,female,31.488,1,no,southwest,21459.89
47,female,29.533,0,no,southwest,20625.99
34,male,36.978,1,no,northwest,20227.02
18,female,25.321,0,no,southeast,9682.08
23,male,20.706,0,no,southeast,9481.56
31,male,34.348,1,no,southwest,15917.65
19,male,34.451,1,no,northeast,9967.13
41,female,33.529,0,no,southwest,28500.56
54,female,33.087,0,yes,southeast,63770.0
63,male,28.645,0,no,northeast,26719.04
41,male,35.404,0,no,southeast,18337.38
59,male,30.322,1,no,southeast,21729.82
64,female,27.629,0,no,northeast,21908.07
58,male,28.697,3,no,southeast,16515.7
39,female,42.926,0,yes,southwest,63770.0
33,male,20.017,0,yes,southeast,34354.08
63,male,33.649,3,no,southwest,31296.03
29,female,20.357,0,no,northeast,7072.66
37,male,29.94,0,no,northwest,14403.04
21,male,27.955,3,no,northwest,9582.17
55,male,17.881,3,no,southwest,25232.12
48,female,32.973,2,no,northwest,17908.75
21,male,28.282,0,no,northwest,14823.41
28,male,17.795,1,no,southwest,15098.08
44,male,35.721,4,no,northeast,22690.38
43,female,39.354,3,no,northwest,16911.17
55,female,39.69,0,no,northeast,19459.01
30,female,32.79,0,no,southeast,19989.64
61,male,30.881,0,no,southwest,17478.06
38,female,38.702,0,yes,northwest,63770.0
56,male,40.863,2,no,northeast,27719.36
29,female,37.515,0,no,southeast,19117.05
19,female,24.857,0,no,southwest,12364.94
20,female,31.828,0,no,northeast,9701.72
35,female,33.281,1,yes,southwest,56772.85
62,female,19.561,0,no,southeast,23292.3
20,male,33.463,1,no,northwest,11390.74
35,female,44.465,0,no,southwest,8497.78
23,female,34.504,3,yes,southwest,62325.72
61,female,39.588,0,no,southwest,21360.86
49,female,31.716,1,no,northeast,23988.39
53,male,30.153,0,no,southeast,27498.19
51,female,32.926,0,no,northwest,21701.01
48,male,25.623,0,no,northeast,23616.54
54,female,24.721,0,no,northwest,20390.02
18,female,38.324,0,no,northwest,21970.35
58,male,38.971,1,yes,northwest,63770.0
52,female,24.554,1,no,southeast,19565.85
52,female,36.505,0,no,northwest,26095.88
36,female,30.07,1,no,northeast,17106.25
55,male,32.673,1,yes,northeast,63770.0
35,male,33.407,0,no,southeast,15680.13
20,female,36.666,0,no,southeast,24111.95
60,female,31.105,0,yes,northeast,63770.0
29,female,39.202,0,yes,southwest,62345.98
22,female,32.487,1,yes,northeast,61107.42
47,male,34.408,5,no,southeast,28837.16
28,female,25.517,5,no,northwest,10258.22
58,male,43.768,4,no,northeast,23739.44
38,female,33.466,0,no,southeast,24077.67
18,female,34.949,0,no,southwest,14546.12
62,female,20.79,0,no,northeast,20161.43
42,female,25.582,0,no,southeast,16912.11
30,male,38.151,0,yes,southeast,50652.64
49,male,32.35,0,no,northwest,20057.97
42,male,18.926,1,no,southeast,11756.87
19,female,36.934,0,no,northwest,18759.54
53,male,27.283,0,no,southwest,24361.03
36,female,39.209,2,no,southeast,23354.03
50,male,30.064,0,no,northeast,22900.68
60,male,31.849,3,no,southwest,17912.11
46,male,37.792,0,yes,southeast,63770.0
49,male,25.125,1,no,northwest,21843.54
29,male,24.544,0,no,northeast,19442.89
29,male,29.401,1,no,northwest,24754.27
37,female,35.646,0,yes,northeast,55466.66
58,female,22.482,0,no,southwest,17850.91
42,female,20.425,1,no,southeast,12300.05
34,male,35.625,0,no,northeast,19572.53
54,female,26.922,0,no,northeast,21184.57
58,female,28.207,3,no,northwest,22274.94
60,female,19.273,0,no,southeast,24084.31
32,male,26.458,1,no,southeast,10074.78
51,female,30.554,1,no,southwest,16237.77
45,female,36.275,0,no,northeast,17261.74
39,male,25.895,1,no,northeast,15743.88
36,male,40.71,0,no,southeast,14765.64
23,female,26.424,2,no,southeast,12941.35
30,male,26.433,0,no,southeast,13278.18
43,male,39.978,0,no,southwest,17933.42
59,female,31.89,0,no,northwest,27295.65
58,male,27.233,3,yes,northwest,46239.14
26,male,29.654,2,yes,southwest,42887.73
49,male,38.854,3,no,northwest,23624.1
21,female,39.544,1,no,northeast,17080.64
49,male,25.618,1,no,southwest,16241.42
34,female,30.341,1,no,southeast,16800.82
39,male,31.15,3,no,southeast,22564.54
51,female,24.584,1,no,southwest,17101.72
37,female,30.26,0,no,northwest,19438.65
55,female,30.632,1,yes,northwest,62231.2
43,female,37.555,1,no,southwest,24568.88
64,male,37.965,0,yes,southwest,63770.0
47,female,28.592,0,no,northeast,23687.92
31,female,29.295,0,no,southeast,15501.74
